3.31874,-0.0868163,102.747,1028.03,0.0485209,0.085613,0.995146,3.00797e-06
3.31874,-0.137233,113.807,1138.75,-0.0243472,0.144098,0.989264,3.2867e-06
3.31874,-0.113438,108.587,1086.49,-0.00614103,0.0494355,0.998758,1.66758e-06
3.31874,-0.0843781,102.212,1022.68,0.0486205,0.118943,0.99171,5.96497e-06
3.31874,-0.137099,113.778,1138.45,-0.0400989,0.134492,0.990103,6.21113e-06
3.31874,-0.132584,112.788,1128.54,-0.00665991,0.0492698,0.998763,2.4388e-06
3.31874,-0.0754853,100.261,1003.15,0.0078309,0.0477918,0.998827,5.40413e-06
3.31874,-0.126532,111.46,1115.25,0.0524406,0.0939176,0.994198,6.22316e-06
3.31874,-0.137457,113.857,1139.24,-0.018906,0.0515291,0.998493,4.05462e-06
3.31874,-0.0768236,100.555,1006.09,-0.0202224,0.0530349,0.998388,2.01247e-06
3.31874,-0.0779061,100.792,1008.46,0.034681,0.0627981,0.997423,2.80926e-06
3.31874,-0.0852622,102.406,1024.62,0.0312938,0.138953,0.989804,3.23627e-06
3.31874,-0.113022,108.496,1085.58,-0.019984,0.146851,0.988957,4.43368e-06
3.31874,-0.0992122,105.466,1055.25,-0.0490783,0.117893,0.991813,5.053e-06
3.31874,-0.132348,112.736,1128.02,0.00860244,0.0477915,0.99882,5.55003e-06
3.31874,-0.075288,100.218,1002.72,0.0312239,0.0595059,0.99774,3.3059e-06
3.31874,-0.109052,107.625,1076.86,0.0274472,0.141259,0.989592,2.25892e-06
3.31874,-0.0951076,104.566,1046.24,-0.0410342,0.0660522,0.996972,5.57901e-06
3.31874,-0.104015,106.52,1065.8,0.0135395,0.048328,0.99874,6.12913e-06
3.31874,-0.107256,107.231,1072.92,0.0309108,0.138536,0.989875,1.60171e-06
3.31874,-0.163741,119.623,1196.96,-0.0251302,0.144884,0.98913,4.99817e-06
3.31874,-0.107544,107.294,1073.55,-0.0529109,0.0952425,0.994047,5.65448e-06
3.31874,-0.158386,118.448,1185.2,-0.043572,0.126908,0.990957,3.85283e-06
3.31874,-0.107933,107.38,1074.4,-0.0521738,0.0905126,0.994528,5.48635e-06
3.31874,-0.15219,117.089,1171.59,0.0128048,0.148462,0.988835,3.65244e-06
3.31874,-0.108812,107.573,1076.33,-0.00789015,0.150396,0.988594,4.8054e-06
3.31874,-0.152593,117.177,1172.48,0.0458942,0.122827,0.991366,4.97309e-06
3.31874,-0.156363,118.004,1180.76,-0.0311806,0.142568,0.989294,6.32754e-06
3.31874,-0.166851,120.305,1203.79,-0.0527605,0.0910522,0.994447,6.01434e-06
3.31874,-0.070179,99.0971,991.496,-0.0460594,0.120785,0.99161,1.88925e-06
3.31874,-0.083971,102.123,1021.78,0.0197859,0.145746,0.989124,3.08394e-06
3.31874,-0.161006,119.023,1190.95,-0.0328225,0.138075,0.989878,2.54484e-06
3.31874,-0.169367,120.857,1209.31,-0.00990402,0.0481003,0.998793,5.2766e-06
3.31874,-0.140442,114.511,1145.79,-0.00405833,0.150943,0.988534,4.98926e-06
3.31874,-0.0807952,101.426,1014.81,-0.0443157,0.0741689,0.996261,2.33309e-06
3.31874,-0.106694,107.108,1071.68,0.0515807,0.0980371,0.993845,4.9814e-06
3.31874,-0.127574,111.689,1117.54,0.0397495,0.0656767,0.997049,5.52442e-06
3.31874,-0.147477,116.055,1161.24,-0.0423173,0.12865,0.990787,3.74318e-06
3.31874,-0.102064,106.092,1061.52,0.011368,0.149032,0.988767,4.01238e-06
3.31874,-0.105174,106.774,1068.35,-0.0110794,0.148499,0.988851,2.30674e-06
3.31874,-0.142515,114.966,1150.35,-0.0179256,0.0519516,0.998489,2.52379e-06
3.31874,-0.0695351,98.9559,990.082,-0.00950416,0.0486912,0.998769,4.40665e-06
3.31874,-0.160648,118.944,1190.17,-0.0378836,0.0646326,0.99719,3.54156e-06
3.31874,-0.0910134,103.668,1037.25,-0.0504094,0.0815045,0.995397,6.10907e-06
3.31874,-0.0846522,102.272,1023.28,-0.0190877,0.0520078,0.998464,3.36222e-06
3.31874,-0.0991319,105.449,1055.08,-0.0393102,0.0668232,0.99699,2.68749e-06
3.31874,-0.148158,116.204,1162.74,0.0513788,0.0932643,0.994315,5.15085e-06
3.31874,-0.0738661,99.906,999.593,-0.0480831,0.11825,0.991819,3.88415e-06
3.31874,-0.149524,116.504,1165.74,-0.000495558,0.152134,0.98836,6.19022e-06
3.31874,-0.106138,106.986,1070.46,-0.0139887,0.148429,0.988824,3.73052e-06
3.31874,-0.146563,115.854,1159.24,0.00486334,0.15172,0.988412,6.04155e-06
3.31874,-0.0917772,103.835,1038.93,-0.0352761,0.0593554,0.997613,6.17456e-06
3.31874,-0.128321,111.852,1119.18,0.0193746,0.051735,0.998473,4.54321e-06
3.31874,-0.0926797,104.033,1040.91,0.0246032,0.143381,0.989362,3.12407e-06
3.31874,-0.0784356,100.908,1009.63,0.0184089,0.0522117,0.998466,3.14078e-06
3.31874,-0.125087,111.143,1112.07,-0.0499566,0.0896869,0.994716,1.74953e-06
3.31874,-0.120772,110.196,1102.6,-0.0029399,0.150969,0.988534,4.93905e-06
3.31874,-0.0977577,105.147,1052.06,0.0347161,0.0631738,0.997399,2.11052e-06
3.31874,-0.149218,116.437,1165.07,0.0236475,0.144059,0.989287,3.40904e-06
3.31874,-0.126074,111.359,1114.24,0.0181592,0.0500894,0.99858,5.86661e-06
3.31874,-0.130072,112.236,1123.02,0.0449651,0.123477,0.991328,4.23376e-06
3.31874,-0.158794,118.538,1186.09,-0.0108407,0.150058,0.988618,5.0318e-06
3.31874,-0.0776397,100.734,1007.88,-0.0459478,0.122255,0.991435,3.35056e-06
3.31874,-0.0848904,102.324,1023.8,-0.0482196,0.0773158,0.99584,5.65526e-06
3.31874,-0.158338,118.438,1185.09,-0.0296983,0.140931,0.989574,3.44143e-06
3.31874,-0.126683,111.493,1115.58,0.0344195,0.0623838,0.997459,3.0932e-06
3.31874,-0.108372,107.476,1075.37,-0.024867,0.054734,0.998191,3.28189e-06
3.31874,-0.165425,119.992,1200.65,0.0327595,0.0592254,0.997707,5.14866e-06
3.31874,-0.160895,118.999,1190.71,-0.0465349,0.076726,0.995966,3.96043e-06
3.31874,-0.0792966,101.097,1011.52,-0.0403188,0.0681089,0.996863,2.60454e-06
3.31874,-0.0847504,102.294,1023.49,0.049043,0.0863694,0.995055,3.63364e-06
3.31874,-0.0926112,104.018,1040.76,-0.0486005,0.0832591,0.995342,2.77988e-06
3.31874,-0.09665,104.904,1049.63,0.010273,0.050337,0.998679,1.33232e-06
3.31874,-0.104399,106.604,1066.64,0.00247168,0.0478558,0.998851,4.58525e-06
3.31874,-0.139843,114.38,1144.48,-0.011827,0.149857,0.988637,5.04265e-06
3.31874,-0.10388,106.491,1065.5,-0.0473859,0.0764635,0.995946,5.20983e-06
3.31874,-0.143128,115.101,1151.69,-0.030244,0.0586124,0.997823,2.24284e-06
3.31874,-0.125249,111.178,1112.43,0.0216152,0.0509983,0.998465,6.34324e-06
3.31874,-0.134561,113.221,1132.88,0.0470054,0.120054,0.991654,4.71661e-06
3.31874,-0.104622,106.653,1067.13,0.0506182,0.109364,0.992712,5.00688e-06
3.31874,-0.164704,119.834,1199.07,0.0099496,0.148293,0.988893,1.33566e-06
3.31874,-0.0927042,104.039,1040.96,-0.0124471,0.0497519,0.998684,3.68421e-06
3.31874,-0.122089,110.485,1105.49,0.0362738,0.133742,0.990352,1.92969e-06
3.31874,-0.10273,106.238,1062.98,0.00973546,0.148767,0.988824,2.781e-06
3.31874,-0.158575,118.489,1185.61,0.0268201,0.141586,0.989563,2.04128e-06
3.31874,-0.169487,120.884,1209.58,-0.0466918,0.0794564,0.995744,1.35744e-06
3.31874,-0.0999592,105.63,1056.89,0.0503609,0.113852,0.992221,5.94228e-06
3.31874,-0.12423,110.955,1110.19,-0.0157392,0.147154,0.988988,1.94097e-06
3.31874,-0.109768,107.782,1078.43,-0.0495312,0.0880667,0.994882,1.39781e-06
3.31874,-0.143441,115.169,1152.38,-0.0197667,0.146606,0.988997,3.93954e-06
3.31874,-0.136313,113.606,1136.73,0.0439212,0.0743342,0.996266,3.23344e-06
3.31874,-0.122911,110.665,1107.29,-0.0439221,0.125615,0.991106,3.08162e-06
3.31874,-0.168692,120.709,1207.83,-0.0259642,0.0560245,0.998092,1.61994e-06
3.31874,-0.0843758,102.212,1022.67,0.0312447,0.0603493,0.997688,1.39153e-06
3.31874,-0.0753896,100.24,1002.94,0.0219756,0.0539068,0.998304,2.89589e-06
3.31874,-0.0756084,100.288,1003.42,0.052367,0.0942074,0.994174,6.12334e-06
3.31874,-0.160807,118.979,1190.52,-0.0439735,0.0721911,0.996421,3.92424e-06
3.31874,-0.137601,113.888,1139.55,-0.000451804,0.0464604,0.99892,6.12769e-06
3.31874,-0.161095,119.042,1191.15,-0.0517808,0.111314,0.992435,5.78786e-06
3.31874,-0.121685,110.396,1104.6,0.0490993,0.113681,0.992303,4.39224e-06
3.31874,-0.0986371,105.34,1053.99,0.0409142,0.0707067,0.996658,1.40971e-06
3.31874,-0.0717189,99.4349,994.878,0.0467394,0.117134,0.992016,1.95425e-06
3.31874,-0.0892854,103.289,1033.45,0.0255624,0.0554941,0.998132,3.5369e-06
3.31874,-0.087959,102.998,1030.54,-0.0480803,0.115766,0.992112,1.72856e-06
3.31874,-0.108005,107.395,1074.56,0.0319211,0.138224,0.989886,2.84372e-06
3.31874,-0.135851,113.504,1135.71,0.0486398,0.112018,0.992515,2.69526e-06
3.31874,-0.152588,117.176,1172.47,-0.0272823,0.142174,0.989466,2.80569e-06
3.31874,-0.133181,112.919,1129.85,-0.0507212,0.082985,0.995259,5.92119e-06
3.31874,-0.115968,109.142,1092.05,0.0493944,0.111231,0.992566,3.8265e-06
3.31874,-0.0785411,100.932,1009.86,0.0492428,0.113054,0.992368,4.33934e-06
3.31874,-0.104688,106.668,1067.28,-0.0433933,0.125679,0.991121,1.91697e-06
3.31874,-0.131344,112.516,1125.81,0.00281546,0.0463106,0.998923,6.36824e-06
3.31874,-0.140215,114.462,1145.3,-0.0503948,0.112308,0.992395,4.40567e-06
3.31874,-0.0849027,102.327,1023.83,-0.0205218,0.145775,0.989105,2.9958e-06
3.31874,-0.12444,111.001,1110.65,-0.0346121,0.136225,0.990073,1.83082e-06
3.31874,-0.0707095,99.2135,992.661,0.0262613,0.144098,0.989215,5.38299e-06
4.06981,-0.197413,126.68,1267.73,-0.0463369,0.0722256,0.996311,6.23288e-06
4.06981,-0.178663,122.805,1228.85,0.0493981,0.0911435,0.994612,2.01198e-06
4.06981,-0.173728,121.786,1218.62,-0.0489661,0.120577,0.991496,6.16779e-06
4.06981,-0.189808,125.108,1251.96,-0.00318084,0.0471846,0.998881,5.12762e-06
4.06981,-0.19928,127.065,1271.6,0.00940368,0.150604,0.988549,5.82707e-06
4.06981,-0.179848,123.05,1231.31,-0.0150357,0.148094,0.988859,4.06764e-06
4.06981,-0.19798,126.797,1268.91,0.0358342,0.135481,0.990132,4.33184e-06
4.06981,-0.203699,127.978,1280.76,0.0492272,0.112546,0.992426,4.24898e-06
4.06981,-0.206322,128.52,1286.2,0.00372076,0.149099,0.988815,1.97196e-06
4.06981,-0.183816,123.87,1239.54,0.0287126,0.0547417,0.998088,6.27179e-06
4.06981,-0.176377,122.333,1224.11,-0.00946847,0.0470543,0.998847,6.04744e-06
4.06981,-0.196123,126.413,1265.06,-0.0439959,0.0702569,0.996558,5.22369e-06
4.06981,-0.203018,127.838,1279.35,0.0480501,0.115656,0.992126,3.91634e-06
4.06981,-0.183927,123.893,1239.77,0.0404884,0.0689068,0.996801,3.17656e-06
4.06981,-0.171618,121.35,1214.24,-0.0321093,0.0570061,0.997857,5.80464e-06
4.06981,-0.174854,122.018,1220.95,0.0424887,0.0723937,0.996471,2.39671e-06
4.06981,-0.19637,126.464,1265.57,0.0318177,0.137763,0.989954,2.25695e-06
4.06981,-0.172248,121.48,1215.55,0.0514471,0.102706,0.99338,4.99431e-06
4.06981,-0.197624,126.723,1268.17,0.00652989,0.0476208,0.998844,5.08457e-06
4.06981,-0.205641,128.38,1284.79,0.0196844,0.0507662,0.998517,5.54777e-06
4.06981,-0.202353,127.7,1277.97,0.00902274,0.148339,0.988895,1.83673e-06
4.06981,-0.174023,121.847,1219.23,0.0329719,0.0614342,0.997566,1.86698e-06
4.06981,-0.201002,127.421,1275.17,0.0236626,0.143275,0.9894,2.30729e-06
4.06981,-0.197672,126.733,1268.27,-0.0437081,0.071226,0.996502,4.15326e-06
4.06981,-0.183977,123.903,1239.87,-0.0121898,0.0493264,0.998708,3.87087e-06
4.06981,-0.199358,127.081,1271.76,-0.0289563,0.140636,0.989638,2.29457e-06
4.06981,-0.204376,128.118,1282.17,0.0265102,0.0548753,0.998141,4.8285e-06
4.06981,-0.183293,123.762,1238.45,-0.0462841,0.123995,0.991203,5.21091e-06
4.06981,-0.182843,123.669,1237.52,-0.0379494,0.0642535,0.997212,3.75723e-06
4.06981,-0.206138,128.482,1285.82,-0.0279609,0.0565197,0.99801,2.84646e-06
4.06981,-0.172071,121.443,1215.18,0.0185571,0.0510788,0.998522,4.65779e-06
4.06981,-0.190972,125.349,1254.37,-0.0140035,0.149933,0.988597,5.98434e-06
4.06981,-0.192737,125.713,1258.03,0.0292808,0.0561817,0.997991,5.33843e-06
4.06981,-0.176706,122.401,1224.79,0.0508849,0.108049,0.992842,5.12195e-06
4.06981,-0.193823,125.938,1260.29,-0.0194635,0.145916,0.989106,2.86339e-06
4.06981,-0.198234,126.849,1269.43,0.0471681,0.0802908,0.995655,3.75428e-06
4.06981,-0.180036,123.089,1231.7,0.0210723,0.0512791,0.998462,5.63407e-06
4.06981,-0.205089,128.265,1283.65,-0.0487263,0.113434,0.99235,1.48118e-06
4.06981,-0.180272,123.138,1232.19,-0.0368052,0.136484,0.989958,5.31535e-06
4.06981,-0.207681,128.801,1289.02,0.0460252,0.120961,0.99159,4.14508e-06
4.06981,-0.184008,123.91,1239.94,-0.0257083,0.145451,0.989031,6.10818e-06
4.06981,-0.203744,127.988,1280.86,-0.0466514,0.0773196,0.995914,3.43778e-06
4.06981,-0.193855,125.944,1260.35,0.0367457,0.132995,0.990435,2.01292e-06
4.06981,-0.203708,127.98,1280.78,0.0527679,0.099323,0.993655,6.30237e-06
4.32197,-0.215146,129.966,1300.74,0.0245059,0.145155,0.989105,6.00302e-06
4.32197,-0.221412,130.939,1310.52,-0.0449809,0.122516,0.991447,1.33679e-06
4.32197,-0.234794,133.016,1331.42,-0.0341981,0.136367,0.990068,2.04878e-06
4.32197,-0.215492,130.02,1301.28,-0.0491955,0.113461,0.992324,2.72584e-06
4.32197,-0.230436,132.339,1324.61,-0.0362186,0.13514,0.990164,3.28545e-06
4.32197,-0.255435,136.22,1363.64,0.0450803,0.0742644,0.996219,4.84045e-06
4.32197,-0.238753,133.63,1337.6,0.00386041,0.149272,0.988789,3.13745e-06
4.32197,-0.237993,133.512,1336.41,0.019537,0.0505455,0.998531,5.54286e-06
4.32197,-0.267717,138.126,1382.82,0.0497189,0.0968439,0.994057,1.58179e-06
4.32197,-0.236167,133.229,1333.56,-0.0410975,0.129784,0.99069,3.42273e-06
4.32197,-0.237219,133.392,1335.2,0.0488332,0.0846847,0.99521,4.14352e-06
4.32197,-0.222989,131.184,1312.99,-0.00664443,0.150146,0.988641,4.85916e-06
4.32197,-0.220717,130.831,1309.44,0.037252,0.132602,0.990469,3.05845e-06
4.32197,-0.269595,138.417,1385.75,0.0239389,0.053928,0.998258,3.96351e-06
4.32197,-0.234316,132.942,1330.67,0.0315373,0.138318,0.989886,3.52539e-06
4.32197,-0.22651,131.73,1318.48,-0.0232313,0.0538988,0.998276,1.86604e-06
4.32197,-0.220614,130.815,1309.28,-0.0331536,0.137068,0.990007,1.42981e-06
4.32197,-0.261862,137.217,1373.68,-0.0450944,0.0733938,0.996283,3.81036e-06
4.32197,-0.208204,128.889,1289.9,0.0254913,0.14298,0.989397,4.22946e-06
4.32197,-0.235298,133.094,1332.2,0.0276159,0.0563413,0.99803,3.64473e-06
4.32197,-0.21462,129.884,1299.92,0.0192308,0.0503084,0.998549,5.65785e-06
4.32197,-0.222503,131.108,1312.23,0.0238679,0.143187,0.989408,3.07609e-06
4.32197,-0.266476,137.933,1380.88,0.0399837,0.0688765,0.996824,2.1418e-06
4.32197,-0.232893,132.721,1328.45,-0.0059966,0.048878,0.998787,1.83268e-06
4.32197,-0.234251,132.932,1330.57,0.0130901,0.0506112,0.998633,1.30133e-06
4.32197,-0.22491,131.482,1315.98,0.0296631,0.0585845,0.997842,2.04547e-06
4.32197,-0.237533,133.441,1335.69,-0.0513412,0.114953,0.992043,6.29935e-06
4.32197,-0.262655,137.34,1374.92,-0.0454591,0.0716758,0.996392,5.4748e-06
4.32197,-0.21162,129.419,1295.23,-0.0496515,0.110536,0.992631,1.66919e-06
4.32197,-0.213632,129.731,1298.38,-0.0202146,0.145073,0.989214,1.83136e-06
4.32197,-0.268085,138.183,1383.39,-0.0426146,0.128351,0.990813,4.08003e-06
4.32197,-0.227687,131.913,1320.32,0.0509029,0.0973816,0.993945,4.29453e-06
4.32197,-0.224819,131.467,1315.84,0.0204545,0.145135,0.9892,3.54063e-06
4.32197,-0.23838,133.572,1337.01,-0.0520274,0.102426,0.993379,4.23458e-06
4.32197,-0.222037,131.036,1311.5,0.005656,0.0485005,0.998807,3.17305e-06
4.32197,-0.264655,137.651,1378.04,0.0473186,0.114735,0.992269,2.19042e-06
4.32197,-0.22971,132.227,1323.48,0.0470199,0.121821,0.991438,6.03834e-06
4.32197,-0.218399,130.471,1305.82,-0.049746,0.118542,0.991702,6.03066e-06
4.32197,-0.236839,133.333,1334.61,-0.00601048,0.151473,0.988443,6.27328e-06
4.32197,-0.208572,128.946,1290.48,0.0410585,0.0661414,0.996965,6.11601e-06
4.32197,-0.244238,134.482,1346.16,-0.028932,0.05459,0.99809,5.70822e-06
4.32197,-0.25599,136.306,1364.51,-0.0440729,0.125062,0.99117,2.92523e-06
4.32197,-0.214505,129.867,1299.74,0.0210376,0.146599,0.988972,5.75503e-06
4.32197,-0.264697,137.657,1378.1,0.0364689,0.133307,0.990404,2.82537e-06
4.32197,-0.234635,132.991,1331.17,-0.0509514,0.0822129,0.995312,6.05933e-06
4.32197,-0.24054,133.908,1340.39,-0.0510905,0.0973537,0.993938,1.90921e-06
4.32197,-0.223681,131.291,1314.07,0.0214987,0.144235,0.98931,2.7119e-06
4.32197,-0.223812,131.311,1314.27,-0.0453874,0.121762,0.991521,1.37258e-06
4.32197,-0.221064,130.885,1309.98,-0.00435895,0.0486636,0.998806,2.07401e-06
4.6465,-0.355029,148.124,1483.08,0.038253,0.0670754,0.997014,2.52801e-06
4.6465,-0.716216,189.121,1894.16,-0.00931173,0.0479653,0.998806,5.02171e-06
4.6465,-0.416973,155.155,1553.58,-0.047835,0.118469,0.991805,2.94128e-06
4.6465,-0.704126,187.749,1880.4,0.0163363,0.147319,0.988954,4.06605e-06
4.6465,-0.556737,171.019,1712.65,-0.0402906,0.132617,0.990348,4.71457e-06
4.6465,-0.353232,147.92,1481.03,-0.0504355,0.0838781,0.995199,4.74454e-06
4.6465,-0.539437,169.056,1692.96,0.0500355,0.107648,0.992929,4.39694e-06
4.6465,-0.397407,152.934,1531.31,-0.0508796,0.105136,0.993155,1.48026e-06
4.6465,-0.550791,170.344,1705.88,-0.050411,0.117239,0.991823,5.84076e-06
4.6465,-0.407891,154.124,1543.24,0.0452535,0.122468,0.99144,4.5864e-06
4.6465,-0.547301,169.948,1701.91,-0.00309631,0.0478546,0.99885,4.28594e-06
4.6465,-0.581854,173.87,1741.24,-0.0428303,0.129265,0.990685,4.5942e-06
4.6465,-0.372869,150.149,1503.38,-0.00122803,0.0490162,0.998797,1.34849e-06
4.6465,-0.696179,186.847,1871.36,0.0482606,0.0880914,0.994943,1.45832e-06
4.6465,-0.275107,139.052,1392.12,-0.0103687,0.148866,0.988803,3.08644e-06
4.6465,-0.425243,156.094,1562.99,0.0417107,0.0721111,0.996524,1.98593e-06
4.6465,-0.691156,186.277,1865.64,0.0496044,0.0996901,0.993781,1.93138e-06
4.6465,-0.347304,147.247,1474.29,0.0499766,0.094559,0.994264,3.41811e-06
4.6465,-0.333574,145.689,1458.66,0.0445613,0.122583,0.991457,3.6801e-06
4.6465,-0.499134,164.481,1647.09,-0.00386118,0.0482343,0.998829,3.71763e-06
4.6465,-0.684647,185.538,1858.23,-0.0478485,0.0793685,0.995696,3.28756e-06
4.6465,-0.724833,190.1,1903.97,-0.039025,0.0649879,0.997123,3.86123e-06
4.6465,-0.581479,173.828,1740.81,0.0167582,0.0509716,0.998559,4.18367e-06
4.6465,-0.436086,157.325,1575.33,0.0495177,0.105156,0.993222,2.75042e-06
4.6465,-0.326727,144.911,1450.87,-0.0522263,0.0987054,0.993745,3.96537e-06
4.6465,-0.410048,154.369,1545.7,-0.0504828,0.111368,0.992496,3.53987e-06
4.6465,-0.356564,148.298,1484.83,0.00141054,0.0482443,0.998835,3.63373e-06
4.6465,-0.452878,159.231,1594.44,-0.0517731,0.0952366,0.994107,3.40388e-06
4.6465,-0.472023,161.404,1616.23,0.0514641,0.100853,0.993569,5.37338e-06
4.6465,-0.291578,140.922,1410.86,0.0515659,0.10628,0.992998,5.99172e-06
4.6465,-0.475824,161.835,1620.56,-0.0308772,0.058891,0.997787,1.30571e-06
4.6465,-0.70734,188.114,1884.06,-0.0519216,0.090246,0.994565,4.6736e-06
4.6465,-0.505117,165.16,1653.9,0.0068878,0.149344,0.988761,3.46009e-06
4.6465,-0.524555,167.366,1676.02,0.0413158,0.129898,0.990666,5.3191e-06
4.6465,-0.668295,183.682,1839.62,-0.00374976,0.151419,0.988463,5.70104e-06
4.6465,-0.495963,164.121,1643.48,0.00292841,0.0486531,0.998811,2.97782e-06
4.6465,-0.563828,171.824,1720.72,0.0033136,0.0490284,0.998792,2.02005e-06
4.6465,-0.566097,172.082,1723.31,-0.0516705,0.107783,0.992831,4.26674e-06
4.6465,-0.612075,177.301,1775.63,0.0502915,0.103863,0.993319,4.01965e-06
4.6465,-0.670718,183.957,1842.38,-0.0434068,0.0679393,0.996745,5.87114e-06
4.6465,-0.394441,152.598,1527.94,-0.0246966,0.0536695,0.998253,4.20522e-06
4.6465,-0.356571,148.299,1484.83,0.0318232,0.137526,0.989987,2.28879e-06
4.6465,-0.50365,164.994,1652.23,-0.0363816,0.135637,0.99009,3.45686e-06
4.6465,-0.648309,181.414,1816.87,0.00873475,0.0483624,0.998792,4.77469e-06
4.6465,-0.583402,174.046,1743,-0.045931,0.122487,0.991407,2.90007e-06
4.6465,-0.691754,186.345,1866.32,0.0486039,0.110715,0.992663,2.93662e-06
4.6465,-0.530808,168.076,1683.14,0.0427265,0.0691387,0.996692,6.04723e-06
4.6465,-0.701048,187.4,1876.9,-0.0507871,0.111188,0.992501,3.99168e-06
4.6465,-0.465732,160.69,1609.07,0.047038,0.119065,0.991772,4.83934e-06
4.6465,-0.573378,172.908,1731.59,-0.0224126,0.147165,0.988858,5.94883e-06
4.6465,-0.387738,151.837,1520.31,-0.0527474,0.0895718,0.994583,5.80129e-06
4.6465,-0.329131,145.184,1453.6,-0.00879417,0.148862,0.988819,2.3883e-06
4.6465,-0.673251,184.245,1845.26,-0.0362141,0.136695,0.989951,4.55281e-06
4.6465,-0.286603,140.357,1405.2,-0.0458798,0.0762993,0.996029,2.02572e-06
4.6465,-0.337742,146.162,1463.4,-0.0506379,0.117516,0.991779,6.15604e-06
4.6465,-0.596118,175.489,1757.47,-0.00816953,0.0488313,0.998774,3.40818e-06
4.6465,-0.59771,175.67,1759.29,0.0482282,0.111293,0.992617,2.33476e-06
4.6465,-0.296069,141.432,1415.97,-0.0527228,0.0914224,0.994416,5.43584e-06
4.6465,-0.274014,138.928,1390.87,0.0447631,0.126326,0.990978,6.26485e-06
4.6465,-0.418241,155.299,1555.02,-0.0319376,0.0573222,0.997845,5.20711e-06
4.6465,-0.296212,141.448,1416.14,-0.015345,0.148321,0.98882,4.25483e-06
4.6465,-0.327642,145.015,1451.91,0.0503736,0.102761,0.99343,4.00446e-06
4.6465,-0.672698,184.182,1844.63,-0.0532088,0.0963846,0.993921,5.42e-06
4.6465,-0.301251,142.02,1421.87,-0.0409464,0.130484,0.990605,3.29124e-06
4.6465,-0.527115,167.657,1678.94,0.0329784,0.0606514,0.997614,4.00485e-06
4.6465,-0.287578,140.468,1406.31,-0.0161083,0.0508968,0.998574,2.83597e-06
4.6465,-0.31311,143.366,1435.37,-0.0151611,0.0491024,0.998679,5.22072e-06
4.6465,-0.269904,138.462,1386.19,0.0467776,0.0795216,0.995735,4.29139e-06
4.6465,-0.699326,187.204,1874.94,0.027599,0.140514,0.989694,1.67146e-06
4.6465,-0.533837,168.42,1686.59,-0.0168488,0.0504616,0.998584,4.08926e-06
4.6465,-0.571626,172.709,1729.6,-0.0429153,0.126951,0.99098,2.00874e-06
4.6465,-0.519192,166.758,1669.92,-0.00397824,0.150384,0.98862,4.39593e-06
4.6465,-0.496123,164.139,1643.66,0.0474293,0.121628,0.991442,6.39338e-06
4.6465,-0.576314,173.242,1734.93,0.0393356,0.0654442,0.997081,5.57837e-06
4.6465,-0.317855,143.904,1440.77,-0.0527543,0.101416,0.993444,4.83113e-06
4.6465,-0.452968,159.241,1594.55,0.00775805,0.0476746,0.998833,5.41086e-06
4.6465,-0.441508,157.94,1581.5,-0.035758,0.13814,0.989767,5.5288e-06
4.6465,-0.37184,150.032,1502.21,0.0502545,0.0951698,0.994192,3.83847e-06
4.6465,-0.629375,179.264,1795.32,0.0449474,0.0744838,0.996209,5.01699e-06
4.6465,-0.282111,139.847,1400.09,-0.0513383,0.115424,0.991989,6.12619e-06
4.6465,-0.516771,166.483,1667.16,-0.0487209,0.118634,0.991742,4.53121e-06
4.6465,-0.448625,158.748,1589.6,0.0494944,0.0994195,0.993814,1.46271e-06
4.6465,-0.560928,171.495,1717.42,-0.0204616,0.147588,0.988837,5.54884e-06
4.6465,-0.481858,162.52,1627.43,0.0510634,0.106411,0.99301,5.47341e-06
4.6465,-0.566726,172.153,1724.02,-0.00266372,0.149249,0.988796,1.68401e-06
4.6465,-0.715296,189.017,1893.12,-0.0435965,0.126452,0.991014,2.85767e-06
4.6465,-0.603068,176.278,1765.38,0.0501113,0.0911604,0.994575,4.36678e-06
4.6465,-0.430338,156.672,1568.79,-0.00861905,0.150496,0.988573,5.20569e-06
4.6465,-0.516578,166.461,1666.94,-0.027937,0.144576,0.989099,6.17662e-06
4.6465,-0.656814,182.379,1826.55,-0.0163671,0.0497107,0.99863,4.91769e-06
4.6465,-0.494349,163.938,1641.65,-0.0203539,0.0514571,0.998468,4.49682e-06
4.6465,-0.6127,177.372,1776.35,0.00508482,0.151349,0.988467,5.9017e-06
4.6465,-0.299236,141.791,1419.58,0.0275766,0.0543112,0.998143,6.30243e-06
4.6465,-0.368926,149.701,1498.9,-0.0209998,0.0507281,0.998492,5.65298e-06
4.6465,-0.586896,174.443,1746.98,-0.0264225,0.1431,0.989355,3.43336e-06
4.6465,-0.503128,164.934,1651.64,-0.0201943,0.0521146,0.998437,3.35777e-06
4.6465,-0.527459,167.696,1679.33,0.0306454,0.0568856,0.99791,5.90914e-06
4.6465,-0.572995,172.865,1731.16,0.0420886,0.12781,0.990905,4.57197e-06
4.6465,-0.440136,157.784,1579.94,-0.0201775,0.147428,0.988867,5.24956e-06
4.6465,-0.61647,177.8,1780.64,-0.0136195,0.148209,0.988862,3.23082e-06
4.6465,-0.391684,152.285,1524.8,0.0201138,0.146298,0.989036,4.73457e-06
4.6465,-0.389653,152.054,1522.49,-0.0384018,0.063045,0.997272,5.13087e-06
4.6465,-0.550945,170.362,1706.06,0.00350962,0.149701,0.988725,3.37102e-06
4.6465,-0.478397,162.127,1623.49,-0.0200518,0.146398,0.989022,3.78532e-06
4.6465,-0.297044,141.542,1417.08,0.0424571,0.12776,0.990896,4.95232e-06
4.6465,-0.334966,145.847,1460.24,0.0453546,0.0748499,0.996163,5.24793e-06
4.6465,-0.727921,190.45,1907.48,-0.0264361,0.0528654,0.998252,6.08856e-06
4.6465,-0.331247,145.424,1456.01,0.0239968,0.145896,0.989009,6.25599e-06
4.6465,-0.371814,150.029,1502.18,0.0421688,0.0688488,0.996735,5.74588e-06
4.6465,-0.335698,145.93,1461.08,0.0298223,0.140208,0.989673,4.13823e-06
4.6465,-0.442791,158.086,1582.96,0.0490796,0.108183,0.992919,2.8047e-06
4.6465,-0.688749,186.004,1862.9,0.0412264,0.127779,0.990945,3.33207e-06
4.6465,-0.715706,189.064,1893.58,0.0109927,0.0491546,0.998731,4.33213e-06
4.6465,-0.339687,146.382,1465.62,-0.0334277,0.137502,0.989937,1.93884e-06
4.6465,-0.337264,146.107,1462.86,-0.0156105,0.147877,0.988882,3.65762e-06
4.6465,-0.352514,147.838,1480.22,0.0317635,0.138594,0.98984,4.00436e-06
4.6465,-0.510876,165.814,1660.46,-0.0523215,0.0973435,0.993875,4.16852e-06
4.6465,-0.72508,190.128,1904.25,0.0446653,0.123687,0.991316,4.65644e-06
4.6465,-0.674857,184.427,1847.09,0.0335798,0.0616667,0.997532,3.34815e-06
4.6465,-0.606579,176.677,1769.38,-0.0490309,0.1182,0.991779,4.70652e-06
4.6465,-0.379996,150.958,1511.49,0.00900218,0.0486468,0.998775,4.45044e-06
4.6465,-0.605428,176.546,1768.07,0.0416377,0.126377,0.991108,2.2467e-06
4.6465,-0.297666,141.613,1417.79,-0.0530658,0.0892851,0.994591,6.17434e-06
4.6465,-0.493682,163.862,1640.89,-0.0344254,0.139952,0.98956,6.08449e-06
4.6465,-0.447084,158.573,1587.85,0.000615006,0.0465422,0.998916,5.89531e-06
4.6465,-0.542324,169.383,1696.25,0.049835,0.104477,0.993278,3.29332e-06
4.6465,-0.370898,149.925,1501.14,-0.0473928,0.118786,0.991788,2.16435e-06
4.6465,-0.516787,166.485,1667.18,-0.0125359,0.0497278,0.998684,3.25896e-06
4.6465,-0.314781,143.555,1437.27,0.0221873,0.0527336,0.998362,4.91352e-06
4.6465,-0.435647,157.275,1574.83,0.0403402,0.127901,0.990966,1.38274e-06
4.6465,-0.513351,166.095,1663.27,0.0225399,0.143542,0.989388,1.67096e-06
4.6465,-0.449962,158.9,1591.13,0.0472802,0.0843595,0.995313,1.54212e-06
4.6465,-0.603696,176.35,1766.1,-0.0210477,0.14566,0.989111,3.19574e-06
4.6465,-0.331003,145.397,1455.73,0.0406685,0.128209,0.990913,2.86216e-06
4.6465,-0.483549,162.712,1629.35,0.0423308,0.126059,0.991119,3.2838e-06
4.6465,-0.733024,191.029,1913.29,-0.0517831,0.0861989,0.994931,5.56584e-06
4.6465,-0.472397,161.446,1616.66,-0.0269274,0.0559594,0.99807,2.28951e-06
4.6465,-0.554021,170.711,1709.56,0.0242998,0.0541209,0.998239,4.57076e-06
4.6465,-0.416074,155.053,1552.56,0.00657938,0.149153,0.988792,2.95446e-06
4.6465,-0.618653,178.047,1783.12,0.0277456,0.140967,0.989625,3.03712e-06
4.6465,-0.586959,174.45,1747.05,-0.0507931,0.0881451,0.994812,3.54514e-06
4.6465,-0.309933,143.005,1431.75,-0.016056,0.0494147,0.998649,5.16151e-06
4.6465,-0.452458,159.183,1593.97,-0.051065,0.094248,0.994238,1.73097e-06
4.6465,-0.591855,175.006,1752.62,0.0327312,0.136441,0.990107,1.43246e-06
4.6465,-0.676523,184.616,1848.99,-0.0114457,0.148137,0.988901,1.56613e-06
4.6465,-0.620614,178.27,1785.35,-0.0391393,0.133018,0.990341,3.77161e-06
4.6465,-0.505042,165.152,1653.81,0.0502441,0.104169,0.99329,3.98991e-06
4.6465,-0.502963,164.916,1651.45,-0.0447162,0.0718268,0.996414,4.51454e-06
4.6465,-0.274969,139.036,1391.96,0.0452934,0.119687,0.991778,2.27643e-06
4.6465,-0.356665,148.31,1484.94,0.0328133,0.136638,0.990078,2.21512e-06
4.6465,-0.574356,173.019,1732.7,0.0510294,0.100204,0.993657,4.80508e-06
4.6465,-0.566955,172.179,1724.28,-0.0509851,0.116833,0.991842,6.24527e-06
4.6465,-0.539545,169.068,1693.08,0.0335187,0.136741,0.99004,3.53759e-06
4.6465,-0.447442,158.613,1588.26,0.0220032,0.054479,0.998272,1.38767e-06
4.6465,-0.690286,186.178,1864.65,0.00604743,0.150391,0.988608,4.92407e-06
4.6465,-0.594524,175.309,1755.66,0.0495908,0.104972,0.993238,2.87528e-06
4.6465,-0.667636,183.607,1838.87,-0.0189657,0.146569,0.989019,3.33293e-06
4.6465,-0.656594,182.354,1826.3,0.0314938,0.138863,0.989811,4.06813e-06
4.6465,-0.511755,165.914,1661.46,-0.01557,0.0500727,0.998624,4.07575e-06
4.6465,-0.581954,173.882,1741.35,-0.00059349,0.0477939,0.998857,4.30762e-06
4.6465,-0.538814,168.985,1692.25,0.00493028,0.0471464,0.998876,5.56622e-06
4.6465,-0.578899,173.535,1737.88,0.049499,0.0954701,0.994201,2.01832e-06
4.6465,-0.587847,174.551,1748.06,-0.0117521,0.149482,0.988695,4.62567e-06
4.6465,-0.334282,145.769,1459.47,0.00807119,0.0496831,0.998732,1.9036e-06
4.6465,-0.436075,157.323,1575.32,0.0060306,0.0467572,0.998888,6.11222e-06
4.6465,-0.687457,185.857,1861.43,-0.0213729,0.050219,0.99851,6.28076e-06
4.6465,-0.371233,149.963,1501.52,0.0460051,0.0795236,0.995771,2.96617e-06
4.6465,-0.700617,187.351,1876.41,0.0464196,0.11937,0.991764,4.18523e-06
4.6465,-0.483095,162.66,1628.84,0.0491131,0.116037,0.99203,5.85802e-06
4.6465,-0.648188,181.4,1816.74,-0.0491991,0.0844828,0.99521,2.03951e-06
4.6465,-0.719473,189.491,1897.87,0.0506761,0.0921009,0.994459,4.95568e-06
4.6465,-0.463567,160.444,1606.61,-0.0361323,0.13547,0.990122,2.81143e-06
4.6465,-0.56627,172.101,1723.5,-0.0496064,0.0857147,0.995084,2.19213e-06
4.6465,-0.320399,144.193,1443.66,-0.0177993,0.0500366,0.998589,5.08935e-06
4.6465,-0.273268,138.843,1390.02,0.0244714,0.144334,0.989226,4.9719e-06
4.6465,-0.54848,170.082,1703.25,0.0484671,0.0863132,0.995088,3.28449e-06
4.6465,-0.405483,153.851,1540.5,-0.0241581,0.146316,0.988943,5.91471e-06
4.6465,-0.697325,186.977,1872.66,0.034083,0.0629309,0.997436,1.77693e-06
4.6465,-0.503299,164.954,1651.83,-0.0502446,0.0877261,0.994877,2.55002e-06
4.6465,-0.327012,144.944,1451.19,-0.0188346,0.0502567,0.998559,5.25792e-06
4.6465,-0.692771,186.46,1867.48,-0.0469012,0.120426,0.991614,2.78738e-06
4.6465,-0.296642,141.497,1416.63,0.0483494,0.110689,0.992678,2.25673e-06
4.6465,-0.390827,152.187,1523.82,-0.0102307,0.149326,0.988735,3.92189e-06
4.6465,-0.647897,181.367,1816.4,0.0500338,0.107989,0.992892,4.48042e-06
4.6465,-0.587424,174.503,1747.58,0.0422357,0.128499,0.99081,5.2438e-06
4.6465,-0.308797,142.876,1430.46,-0.0328895,0.0595655,0.997682,3.36735e-06
4.6465,-0.592475,175.076,1753.33,-0.000834934,0.0465541,0.998915,5.86101e-06
4.6465,-0.642187,180.719,1809.91,0.0252766,0.142127,0.989526,2.07039e-06
4.6465,-0.541196,169.255,1694.96,0.0163727,0.14861,0.98876,5.70208e-06
4.6465,-0.360588,148.755,1489.41,-0.0260565,0.143806,0.989263,4.20387e-06
4.6465,-0.660539,182.802,1830.79,-0.0421494,0.130574,0.990542,4.92171e-06
4.6465,-0.542661,169.422,1696.63,-0.0122488,0.0482272,0.998761,5.38481e-06
4.6465,-0.49146,163.61,1638.36,0.0134066,0.0488404,0.998717,5.517e-06
4.6465,-0.293274,141.114,1412.79,-0.0243558,0.14531,0.989086,4.96769e-06
4.6465,-0.612199,177.315,1775.78,0.0444293,0.12228,0.991501,3.16806e-06
4.6465,-0.703222,187.647,1879.37,-0.051623,0.0999441,0.993653,2.75445e-06
4.6465,-0.564548,171.906,1721.54,0.0445358,0.124885,0.991171,5.26961e-06
4.6465,-0.363726,149.111,1492.98,0.0270943,0.140777,0.989671,1.37332e-06
4.6465,-0.699439,187.217,1875.07,-0.0453132,0.0751174,0.996145,2.19525e-06
4.6465,-0.592476,175.076,1753.33,0.0447379,0.125483,0.991087,5.80734e-06
4.6465,-0.536624,168.736,1689.76,0.00712255,0.150776,0.988542,5.57504e-06
4.6465,-0.632665,179.638,1799.07,0.0206885,0.145254,0.989178,3.58399e-06
4.6465,-0.644491,180.98,1812.53,0.012101,0.147671,0.988963,1.97821e-06
4.6465,-0.578252,173.462,1737.14,0.0472647,0.0833473,0.995399,2.55008e-06
4.6465,-0.485494,162.933,1631.57,-0.0165515,0.0514587,0.998538,1.56191e-06
4.6465,-0.38214,151.201,1513.93,-0.00511647,0.149281,0.988782,2.31697e-06
4.6465,-0.371615,150.007,1501.96,0.0509907,0.100775,0.993602,4.7734e-06
4.6465,-0.725435,190.168,1904.65,0.021323,0.145983,0.989057,5.019e-06
4.6465,-0.668307,183.683,1839.63,-0.0462835,0.0737632,0.996201,4.9991e-06
4.6465,-0.473579,161.58,1618.01,0.0446416,0.0777054,0.995976,1.3423e-06
4.6465,-0.443271,158.14,1583.51,-0.052331,0.0918053,0.994401,4.88926e-06
4.6465,-0.72323,189.918,1902.14,-0.0505752,0.0860607,0.995005,4.04289e-06
4.6465,-0.270224,138.498,1386.56,-0.0470463,0.0786156,0.995794,2.19157e-06
4.6465,-0.672908,184.206,1844.87,0.0387335,0.0642604,0.997181,5.92245e-06
4.6465,-0.6511,181.73,1820.05,-0.03307,0.139045,0.989734,4.13281e-06
4.6465,-0.43834,157.58,1577.9,0.00429748,0.0480306,0.998837,4.34029e-06
4.6465,-0.604648,176.458,1767.18,-0.0479305,0.120782,0.991521,4.72733e-06
4.6465,-0.28862,140.586,1407.5,0.0430799,0.128371,0.99079,5.94467e-06
4.6465,-0.732299,190.947,1912.47,0.0281467,0.143323,0.989276,6.13674e-06
4.6465,-0.344581,146.938,1471.19,0.000946149,0.0485867,0.998819,2.8765e-06
4.6465,-0.535333,168.59,1688.29,0.048428,0.0852866,0.995179,3.73302e-06
4.6465,-0.335228,145.876,1460.54,-0.0435941,0.125829,0.991094,1.85301e-06
4.6465,-0.720033,189.555,1898.51,-0.0343215,0.137585,0.989895,3.56196e-06
4.6465,-0.317098,143.818,1439.91,-0.0104347,0.0487007,0.998759,4.27924e-06
4.6465,-0.368008,149.597,1497.85,0.0248036,0.142593,0.989471,2.55705e-06
4.6465,-0.41906,155.392,1555.96,-0.035107,0.137241,0.989915,4.02333e-06
4.6465,-0.441095,157.893,1581.03,0.016938,0.0517578,0.998516,2.89039e-06
4.6465,-0.726726,190.314,1906.12,0.00539252,0.149872,0.988691,4.04087e-06
4.6465,-0.581425,173.822,1740.75,-0.00362764,0.0484074,0.998821,3.36167e-06
4.6465,-0.611225,177.204,1774.67,0.049478,0.0971949,0.994035,1.55546e-06
4.6465,-0.41269,154.669,1548.7,0.00641235,0.0467305,0.998887,6.18851e-06
4.6465,-0.530533,168.045,1682.83,-0.00924449,0.150409,0.988581,5.21751e-06
4.6465,-0.402469,153.509,1537.07,0.0505268,0.0935926,0.994328,4.50262e-06
4.6465,-0.37298,150.161,1503.51,0.0351456,0.137077,0.989937,5.49844e-06
4.6465,-0.302652,142.179,1423.47,0.0228482,0.0535539,0.998304,4.29753e-06
4.6465,-0.308333,142.824,1429.93,-0.0192795,0.0506564,0.99853,4.98293e-06
4.6465,-0.670164,183.894,1841.75,0.0486609,0.108445,0.992911,1.66623e-06
4.6465,-0.693892,186.588,1868.75,-0.0460364,0.0710416,0.99641,6.29455e-06
4.6465,-0.695278,186.745,1870.33,0.0180716,0.146621,0.989028,3.98889e-06
4.6465,-0.49414,163.914,1641.41,0.047122,0.083569,0.995387,1.90659e-06
4.6465,-0.730775,190.774,1910.73,-0.0531382,0.0970366,0.993861,5.30156e-06
4.6465,-0.703117,187.635,1879.25,-0.0517446,0.110735,0.992502,5.17107e-06
4.6465,-0.298157,141.669,1418.35,-0.0500065,0.114451,0.99217,4.19864e-06
4.6465,-0.539938,169.113,1693.53,0.0505332,0.087971,0.99484,5.64996e-06
4.6465,-0.702366,187.549,1878.4,-0.0178308,0.147775,0.98886,4.60413e-06
4.6465,-0.447463,158.616,1588.28,-0.0307107,0.0582031,0.997832,2.84733e-06
4.6465,-0.655299,182.207,1824.83,0.0463167,0.118558,0.991866,3.45899e-06
4.6465,-0.591575,174.974,1752.3,0.0440012,0.0735663,0.996319,4.5019e-06
4.6465,-0.550674,170.331,1705.75,0.0105806,0.148284,0.988888,2.67601e-06
4.6465,-0.483308,162.685,1629.08,-0.0263201,0.14285,0.989394,2.84403e-06
4.6465,-0.282176,139.855,1400.16,0.0448133,0.123009,0.991393,4.37899e-06
4.6465,-0.356277,148.266,1484.5,-0.0242747,0.143628,0.989334,1.96278e-06
4.6465,-0.375825,150.484,1506.75,0.0429138,0.126648,0.991019,4.64821e-06
4.6465,-0.506503,165.317,1655.48,-0.0486746,0.114869,0.992187,1.40818e-06
4.6465,-0.35738,148.391,1485.75,-0.0372248,0.0633079,0.9973,3.58894e-06
4.6465,-0.50791,165.477,1657.08,0.00791567,0.149474,0.988734,3.99724e-06
4.6465,-0.456483,159.64,1598.55,-0.00534264,0.149151,0.9888,1.9495e-06
4.6465,-0.282877,139.934,1400.96,-0.0355384,0.138742,0.989691,5.86685e-06
4.6465,-0.538393,168.937,1691.77,0.00570568,0.15137,0.988461,5.99889e-06
4.6465,-0.515531,166.342,1665.75,-0.0051837,0.149298,0.988779,2.38513e-06
4.6465,-0.357851,148.444,1486.29,-0.0535118,0.0933166,0.994197,6.01741e-06
4.6465,-0.683417,185.399,1856.83,0.0490101,0.109957,0.992727,3.42677e-06
4.6465,-0.333487,145.679,1458.56,-0.0267597,0.14379,0.989246,4.69852e-06
4.6465,-0.475085,161.751,1619.72,-0.0461738,0.120991,0.991579,1.40377e-06
4.6465,-0.389373,152.022,1522.17,-0.0378815,0.064442,0.997202,2.92063e-06
4.6465,-0.514535,166.229,1664.62,-0.0510425,0.104208,0.993245,1.73736e-06
4.6465,-0.471858,161.385,1616.05,-0.0451568,0.0751447,0.99615,1.64468e-06
4.6465,-0.494837,163.993,1642.2,0.032366,0.138003,0.989903,3.88601e-06
4.6465,-0.654941,182.166,1824.42,-0.0412953,0.12922,0.990756,1.97982e-06
4.6465,-0.310948,143.12,1432.91,0.0139683,0.0510774,0.998597,2.01266e-06
4.6465,-0.362224,148.941,1491.27,0.0444011,0.0733127,0.99632,5.13604e-06
6.41502,-0.750829,193.973,1942.79,-0.0377335,0.0622445,0.997347,5.52106e-06
6.41502,-0.737356,191.733,1920.34,-0.0209922,0.0511961,0.998468,5.3465e-06
6.41502,-0.764827,196.301,1966.12,-0.041848,0.0684485,0.996777,4.24045e-06
6.41502,-0.755043,194.674,1949.82,-0.0260732,0.0527272,0.998269,6.22261e-06
6.41502,-0.740809,192.307,1926.09,0.0301098,0.0571112,0.997914,5.22468e-06
6.41502,-0.735476,191.42,1917.21,-0.0208472,0.145613,0.989122,3.0386e-06
6.41502,-0.740075,192.185,1924.87,-0.0504138,0.0878015,0.994861,3.52621e-06
6.41502,-0.794973,201.315,2016.36,0.0163849,0.148321,0.988804,5.21605e-06
6.41502,-0.751806,194.136,1944.42,-0.0429436,0.0689511,0.996695,5.058e-06
6.41502,-0.754208,194.535,1948.42,-0.031271,0.140214,0.989627,4.0483e-06
6.41502,-0.752963,194.328,1946.35,0.0294551,0.0576698,0.997901,4.05263e-06
6.41502,-0.77998,198.821,1991.37,0.0267482,0.142548,0.989426,4.13607e-06
6.41502,-0.780294,198.874,1991.9,0.0397926,0.13179,0.990479,4.94382e-06
6.41502,-0.78451,199.575,1998.92,0.0348064,0.0633114,0.997387,2.07642e-06
6.41502,-0.78715,200.014,2003.32,-0.00480819,0.0484464,0.998814,3.60285e-06
6.41502,-0.734116,191.194,1914.94,0.0341762,0.135643,0.990168,2.06397e-06
6.41502,-0.746499,193.253,1935.58,-0.0364641,0.0622949,0.997391,4.3138e-06
6.41502,-0.767887,196.81,1971.22,-0.034815,0.136131,0.990079,2.00418e-06
6.41502,-0.738608,191.941,1922.43,0.0509858,0.110618,0.992554,5.907e-06
6.41502,-0.776086,198.174,1984.88,0.0478408,0.118834,0.991761,5.31057e-06
6.41502,-0.772859,197.637,1979.51,0.0500071,0.108487,0.992839,4.1414e-06
6.41502,-0.797918,201.805,2021.27,-0.00788854,0.0493249,0.998752,2.39667e-06
6.41502,-0.748374,193.565,1938.7,-0.0345014,0.0621111,0.997473,1.45727e-06
6.41502,-0.744984,193.001,1933.05,0.0504745,0.111248,0.99251,5.52008e-06
6.41502,-0.734945,191.332,1916.32,-0.0378706,0.134997,0.990122,4.68545e-06
6.41502,-0.780402,198.892,1992.08,-0.00853664,0.0497008,0.998728,1.37206e-06
6.41502,-0.791243,200.694,2010.14,-0.00335516,0.048887,0.998799,2.36071e-06
6.41502,-0.774933,197.982,1982.96,-0.0346064,0.0593451,0.997637,5.54508e-06
6.41502,-0.765129,196.352,1966.62,-0.0263273,0.142309,0.989472,1.65392e-06
6.41502,-0.751693,194.117,1944.23,-0.0217032,0.144988,0.989195,2.47071e-06
6.41502,-0.759953,195.491,1958,-0.0181223,0.148976,0.988675,6.1011e-06
6.41502,-0.797471,201.73,2020.52,0.0476793,0.118436,0.991816,4.93715e-06
6.41502,-0.792585,200.918,2012.38,-0.0339894,0.0612,0.997547,2.62881e-06
6.41502,-0.7935,201.07,2013.9,0.0404233,0.128655,0.990865,2.32047e-06
6.41502,-0.798561,201.912,2022.34,-0.000390632,0.0490445,0.998797,1.52078e-06
6.41502,-0.733511,191.093,1913.93,0.0214235,0.146772,0.988938,5.71206e-06
6.41502,-0.784467,199.568,1998.85,-0.0454947,0.124806,0.991138,4.60153e-06
6.41502,-0.744418,192.907,1932.11,-0.0186305,0.0514681,0.998501,3.72859e-06
6.41502,-0.757077,195.012,1953.21,-0.0528913,0.106945,0.992857,5.93456e-06
6.41502,-0.768201,196.862,1971.74,0.0339411,0.138568,0.989771,5.57593e-06
6.41502,-0.751793,194.134,1944.4,-0.0466068,0.0780616,0.995859,2.51388e-06
6.41502,-0.751931,194.157,1944.63,-0.0484785,0.0834459,0.995332,1.70737e-06
6.41502,-0.749559,193.762,1940.68,0.0504336,0.092791,0.994408,4.09259e-06
6.41502,-0.767436,196.735,1970.47,-0.00515735,0.0489282,0.998789,2.60838e-06
6.41502,-0.748023,193.507,1938.12,-0.0501824,0.0872949,0.994918,3.30974e-06
6.41502,-0.759935,195.488,1957.97,-0.0503177,0.0805102,0.995483,6.19461e-06
6.41502,-0.776458,198.236,1985.5,-0.0143823,0.0503493,0.998628,3.23266e-06
6.41502,-0.766555,196.589,1969,-0.0221065,0.146034,0.989033,4.6185e-06
6.41502,-0.736051,191.516,1918.17,-0.0288069,0.056834,0.997968,3.4069e-06
6.41502,-0.76523,196.368,1966.79,0.0369668,0.13379,0.99032,3.69023e-06
6.41502,-0.79144,200.727,2010.47,0.0351937,0.136554,0.990007,4.77044e-06
6.41502,-0.754448,194.575,1948.82,0.00827661,0.148653,0.988855,2.02919e-06
6.41502,-0.753553,194.426,1947.33,0.0165403,0.14878,0.988732,5.77481e-06
6.41502,-0.742456,192.581,1928.84,0.00605686,0.0482084,0.998819,4.42413e-06
6.41502,-0.749919,193.822,1941.28,-0.0513291,0.0906111,0.994563,4.13281e-06
6.41502,-0.738882,191.987,1922.88,-0.0508845,0.104304,0.993243,2.17445e-06
6.41502,-0.76862,196.932,1972.44,-0.018659,0.0523754,0.998453,1.52192e-06
6.41502,-0.764182,196.194,1965.05,0.00815763,0.14882,0.988831,2.48164e-06
6.41502,-0.772642,197.601,1979.14,0.0469698,0.116752,0.99205,2.71009e-06
6.41502,-0.793036,200.993,2013.13,0.0461373,0.122565,0.991388,5.31221e-06
6.79236,-0.829235,206.859,2071.89,0.0127665,0.049282,0.998703,4.84246e-06
6.79236,-0.80441,202.865,2031.89,-0.0131205,0.0492097,0.998702,4.63717e-06
6.79236,-0.807544,203.369,2036.94,0.00862924,0.0483904,0.998791,4.80497e-06
6.79236,-0.818309,205.101,2054.29,-0.0403313,0.0678809,0.996878,2.58033e-06
6.79236,-0.820042,205.38,2057.08,0.0495935,0.107778,0.992937,3.17971e-06
6.79236,-0.808937,203.594,2039.19,0.0196224,0.146536,0.989011,4.4695e-06
6.79236,-0.813787,204.374,2047,0.0388496,0.0657543,0.997079,4.72518e-06
6.79236,-0.817653,204.996,2053.23,0.0504489,0.101147,0.993592,3.50996e-06
6.79236,-0.819718,205.328,2056.56,0.0151525,0.147098,0.989006,2.40007e-06
6.79236,-0.806827,203.254,2035.79,-0.00484012,0.0492567,0.998774,1.59844e-06
6.79236,-0.817423,204.959,2052.86,-0.00181984,0.15035,0.988631,4.03194e-06
6.79236,-0.807884,203.424,2037.49,0.0266821,0.0563307,0.998056,3.3603e-06
6.79236,-0.801228,202.353,2026.76,-0.0295302,0.140293,0.98967,1.56721e-06
6.79236,-0.821223,205.57,2058.98,0.0404234,0.0666547,0.996957,5.51793e-06
6.79236,-0.8126,204.183,2045.09,0.0259479,0.0547314,0.998164,4.92996e-06
6.79236,-0.835918,207.934,2082.66,0.0495194,0.106621,0.993066,2.56218e-06
6.79236,-0.80569,203.071,2033.95,0.0504226,0.0875586,0.994882,5.37493e-06
6.79236,-0.817742,205.01,2053.37,0.0249907,0.145069,0.989106,5.76544e-06
6.79236,-0.803547,202.726,2030.5,-0.0354662,0.138097,0.989783,5.36204e-06
6.79236,-0.812794,204.214,2045.4,-0.042468,0.130475,0.990542,5.32942e-06
6.79236,-0.81254,204.173,2044.99,-0.0493652,0.0789325,0.995657,5.89392e-06
6.79236,-0.8122,204.118,2044.44,0.0354349,0.134422,0.99029,2.00943e-06
6.79236,-0.835773,207.911,2082.42,0.0201055,0.144884,0.989244,1.33531e-06
6.79236,-0.814485,204.486,2048.12,-0.0172154,0.0517395,0.998512,2.09577e-06
6.79236,-0.819817,205.344,2056.72,-0.0119913,0.0503656,0.998659,1.63337e-06
6.79236,-0.836206,207.98,2083.12,0.0124759,0.048298,0.998755,5.87641e-06
6.79236,-0.807086,203.296,2036.2,-0.0487484,0.08289,0.995366,2.98724e-06
6.79236,-0.819572,205.304,2056.32,0.0472818,0.117102,0.991994,3.61244e-06
6.79236,-0.818978,205.209,2055.36,-0.0520671,0.111285,0.992424,5.91827e-06
6.79236,-0.806914,203.268,2035.93,-0.0178433,0.0508163,0.998549,4.36623e-06
6.79236,-0.822432,205.765,2060.93,-0.0180884,0.146563,0.989036,2.55116e-06
6.79236,-0.816619,204.829,2051.56,0.033728,0.0608113,0.997579,4.46222e-06
6.79236,-0.820454,205.446,2057.74,-0.00644266,0.149928,0.988676,3.85065e-06
6.79236,-0.819736,205.331,2056.58,-0.00480017,0.150468,0.988603,4.46238e-06
6.79236,-0.80781,203.412,2037.37,-0.0409336,0.130214,0.990641,3.19085e-06
6.79236,-0.831746,207.263,2075.93,0.0338439,0.0618464,0.997512,3.26256e-06
6.99134,-0.962419,222.993,2233.71,0.0159656,0.0495075,0.998646,5.58939e-06
6.99134,-0.930405,219.191,2195.57,0.0259293,0.141499,0.989599,1.32157e-06
6.99134,-0.925628,218.624,2189.88,0.0193884,0.147069,0.988936,5.30856e-06
6.99134,-0.909499,216.708,2170.67,-0.0212405,0.145241,0.989168,2.58515e-06
6.99134,-0.96526,223.33,2237.1,-0.0279753,0.0562788,0.998023,2.97352e-06
6.99134,-0.894077,214.877,2152.3,0.0320994,0.0609688,0.997623,2.02166e-06
6.99134,-0.919039,217.841,2182.03,0.0403857,0.0700955,0.996722,1.8862e-06
6.99134,-0.930405,219.191,2195.57,-0.0486228,0.0827476,0.995384,2.08135e-06
6.99134,-0.89986,215.563,2159.18,-0.0242713,0.145212,0.989103,4.87425e-06
6.99134,-0.944052,220.812,2211.83,0.0437499,0.124434,0.991263,3.96903e-06
6.99134,-0.942735,220.655,2210.26,-0.0347742,0.0619957,0.99747,1.59453e-06
6.99134,-0.918822,217.815,2181.78,-0.0423933,0.0668931,0.996859,5.69149e-06
6.99134,-0.917645,217.676,2180.37,-0.046054,0.0769191,0.995973,1.60999e-06
6.99134,-0.865194,211.446,2117.89,0.0185438,0.0527739,0.998434,1.61232e-06
6.99134,-0.959357,222.629,2230.06,-0.0428901,0.0689259,0.996699,4.68147e-06
6.99134,-0.868058,211.787,2121.3,0.0441017,0.0746533,0.996234,3.69164e-06
6.99134,-0.972117,224.145,2245.27,0.0212715,0.146983,0.98891,6.05332e-06
6.99134,-0.962926,223.053,2234.32,0.0411869,0.0680178,0.996834,5.33836e-06
6.99134,-0.894436,214.919,2152.72,-0.0525339,0.0961565,0.993979,4.62299e-06
6.99134,-0.956137,222.247,2226.23,0.0422692,0.0713041,0.996559,3.95066e-06
6.99134,-0.944919,220.915,2212.86,-0.00227449,0.149507,0.988758,2.63289e-06
6.99134,-0.879777,213.178,2135.26,0.0293861,0.139926,0.989726,3.26876e-06
6.99134,-0.83812,208.231,2085.63,0.0254183,0.0550926,0.998158,4.04349e-06
6.99134,-0.898549,215.408,2157.62,-0.0482042,0.123136,0.991218,6.25189e-06
6.99134,-0.850506,209.702,2100.39,-0.00659781,0.0492247,0.998766,1.70168e-06
6.99134,-0.944688,220.887,2212.59,0.0508156,0.089966,0.994648,5.47323e-06
6.99134,-0.944131,220.821,2211.93,-0.0302749,0.0583774,0.997835,1.55042e-06
6.99134,-0.91408,217.252,2176.13,0.00036928,0.0476722,0.998863,4.44623e-06
6.99134,-0.958423,222.518,2228.95,-0.0456729,0.0760808,0.996055,1.76998e-06
6.99134,-0.873698,212.456,2128.02,-0.0276136,0.0564804,0.998022,1.94723e-06
6.99134,-0.839228,208.363,2086.95,0.0382657,0.133559,0.990302,5.23981e-06
6.99134,-0.894804,214.963,2153.16,0.0485538,0.118516,0.991764,6.1765e-06
6.99134,-0.866845,211.643,2119.85,-0.00354639,0.0462294,0.998925,6.21453e-06
6.99134,-0.943572,220.755,2211.26,-0.00939071,0.0475954,0.998823,5.43687e-06
6.99134,-0.980618,225.154,2255.39,-0.0134429,0.148819,0.988773,4.30848e-06
6.99134,-0.865787,211.517,2118.59,0.0502389,0.104846,0.993219,4.04434e-06
6.99134,-0.981452,225.253,2256.39,0.0498088,0.10966,0.99272,4.5768e-06
6.99134,-0.944714,220.89,2212.62,0.0491308,0.106765,0.99307,2.19822e-06
6.99134,-0.866742,211.63,2119.73,-0.010084,0.149193,0.988757,3.72772e-06
6.99134,-0.941499,220.508,2208.79,-0.03683,0.0640407,0.997267,1.3492e-06
6.99134,-0.8959,215.093,2154.47,0.00960194,0.0491894,0.998743,3.69247e-06
6.99134,-0.942553,220.634,2210.05,-0.0488212,0.114207,0.992257,1.32718e-06
6.99134,-0.881797,213.418,2137.67,-0.0445891,0.124457,0.991223,2.47649e-06
6.99134,-0.975707,224.571,2249.54,-0.0507222,0.106002,0.993071,1.48355e-06
6.99134,-0.848931,209.515,2098.51,0.0225239,0.0521309,0.998386,5.6712e-06
6.99134,-0.956882,222.335,2227.12,0.00796147,0.0470043,0.998863,6.10444e-06
6.99134,-0.920841,218.055,2184.18,-0.00419315,0.0461018,0.998928,6.37097e-06
6.99134,-0.8439,208.918,2092.52,0.0274176,0.141028,0.989626,2.7514e-06
6.99134,-0.915087,217.372,2177.33,-0.051862,0.0971425,0.993918,3.43593e-06
6.99134,-0.922433,218.244,2186.08,0.0169781,0.0496061,0.998625,5.84734e-06
6.99134,-0.927784,218.88,2192.45,0.0498572,0.0829713,0.995304,6.2632e-06
6.99134,-0.966367,223.462,2238.42,-0.0533146,0.096398,0.993914,5.58152e-06
6.99134,-0.858094,210.603,2109.43,0.0459956,0.0763262,0.996021,5.05766e-06
6.99134,-0.904673,216.135,2164.92,0.0338531,0.0596743,0.997644,5.67221e-06
6.99134,-0.963689,223.144,2235.23,-0.00555879,0.0491327,0.998777,1.63397e-06
6.99134,-0.943334,220.726,2210.98,0.0323134,0.140388,0.989569,6.19879e-06
6.99134,-0.896078,215.114,2154.68,-0.0177629,0.0517816,0.9985,1.79902e-06
6.99134,-0.917607,217.671,2180.33,-0.051201,0.103145,0.993348,2.11369e-06
6.99134,-0.937402,220.022,2203.91,0.0465957,0.11597,0.992159,1.50766e-06
6.99134,-0.896304,215.141,2154.95,0.0491625,0.111249,0.992576,4.15995e-06
6.99134,-0.866634,211.617,2119.6,0.0192516,0.145129,0.989225,1.83985e-06
6.99134,-0.870264,212.049,2123.93,-0.0413821,0.129862,0.990668,3.32925e-06
6.99134,-0.839916,208.444,2087.77,0.0495976,0.0935661,0.994377,2.69687e-06
6.99134,-0.984214,225.581,2259.68,0.00661879,0.14947,0.988744,3.69351e-06
6.99134,-0.855907,210.344,2106.82,-0.0497939,0.119352,0.991603,6.09981e-06
